{"parameters":{"rsimod":4.146195031330011,"onDoge":false,"smoothK":38,"smoothD":13,"IDLE_RSI":9,"ambition":3,"rsimodBull":3.449915900596247,"EMA_LENGTH":2,"candleSize":2,"bearbullMod":0.3563664277355951,"historySize":200,"IDLE_RSI_low":14.17590803177945,"IDLE_RSISLOW":43,"IDLE_RSI_high":62.62824029899849,"usingBearBull":true,"IDLE_RSI_low_Bear":38.18697211616876,"baseBuyAmbitionVal":1.1089959689144733,"IDLE_RSI_high_Bear":84.47529216245798,"baseSellAmbitionVal":0.8950881845430855,"withAmbitionFeature":false,"aboveZeroAmbitionMod":0.8556120309479459,"belowZeroAmbitionMod":0.47310060875253335},"score":128930.68522970688,"profit":5720.37385,"sharpe":22.53885648220472,"epochNumber":3,"otherMetrics":{"balance":7286.08185,"profit":5720.37385,"sharpe":22.53885648220472,"market":318.36656567534754,"relativeProfit":46.98724550783601,"yearlyProfit":12170.029650623017,"relativeYearlyProfit":99.96482503175336,"startPrice":182854,"endPrice":765000,"trades":208}}